Administración,Código BDNS,Departamento,Fecha de registro,Mecanismo de Recuperación y Resiliencia,Título cooficial,Título de la convocatoria,Órgano
OTROS,301394,UNIVERSITAT DE VALÈNCIA (ESTUDI GENERAL),18/02/2016,NO,,Resolución de 27 de enero de 2016 del Vicerrectorado de Internacionalización y Cooperación  por la que se convocan premios a los mejores planes de viabilidad empresarial que puedan cristalizar en futuros negocios. 2015-2016,
OTROS,301586,UNIVERSITAT DE VALÈNCIA (ESTUDI GENERAL),25/02/2016,NO,,"Resolución de 17 de febrer de 2016, de la vicerrectora de Estudios de Grado y Política Lingüísitca de la Univeristat de València, por la cual se convoca la XIX Muestra de Arte Público para Jóvenes Creadores Art Públic/Universitat Pública, dentro del Festi",
OTROS,301703,UNIVERSITAT DE VALÈNCIA (ESTUDI GENERAL),01/03/2016,NO,,"Resolución de 17 de febrer de 2016, de la vicerrectora de Estudios de Grado y Política Lingüística Univeristat de València, por la cual se convoca la XIX Muestra de Arte Público para Jóvenes Creadores Art Públic/Universitat Pública",
OTROS,302009,CONSEJO ECONÓMICO Y SOCIAL DE CASTILLA Y LEÓN,08/03/2016,NO,,"RESOLUCIÓN de 2 de marzo de 2016, del Presidente del Consejo Económico y Social de Castilla y León, por la que se convoca el PREMIO DE INVESTIGACIÓN del CES de Castilla y León y de las Universidades Públicas de Burgos León y Valladolid integrantes del Cam",
OTROS,302353,CONSORCI DE L'ESPAI NATURAL DE LES GUILLERIES-SAVASSONA,15/03/2016,NO,,"Convocatòria subvencions pel foment de les activitats i instal·lacions agràries i forestals a l'Espai Natural de les Guilleries Savassona, exercici 2016",
OTROS,302786,UNIVERSITAT DE VALÈNCIA (ESTUDI GENERAL),23/03/2016,NO,,"RESOLUCIÓN DE 17 DE FEBRERO DE 2016, POR LA QUE SE CONVOCAN LOS PREMIOS CÁTEDRA FUNDACIÓN BANCAJA JÓVENES EMPRENDEDORES - UNIVERSITAT DE VALENCIA A LOS MEJORES TRABAJOS DE FIN DE GRADO RELACIONADOS 'CON EL EMPRENDIMIENTO Y LA CREACIÓN DE EMPRESAS",
OTROS,303022,UNIVERSIDAD DE LA LAGUNA,31/03/2016,NO,,Convocatoria del Programa de Formación de Investigadores de la Universidad de La Laguna correspondiente al año 2016,
OTROS,303390,UNIVERSITAT DE VALÈNCIA (ESTUDI GENERAL),07/04/2016,NO,,"RESOLUCIÓN 3 marzo 2016, de vicerrectora Estudios de Grado y Política Lingüística de la Univ de València, por la cual se convocan las ayudas para la iniciación a la investig. para estudiantes que cursan estudios oficiales en centros propios Univ.",
OTROS,303630,UNIVERSITAT DE VALÈNCIA (ESTUDI GENERAL),12/04/2016,NO,,"Resolución 4 marzo de 2016, de la vicerrectora de Estudios de Grado y Política Lingüística de la Univ de València, por la cual se convoca la II edición Hablemos de Arte dentro de la programación de actividades culturales de Arte Público/Univ de València",
OTROS,303763,UNIVERSITAT DE VALÈNCIA (ESTUDI GENERAL),13/04/2016,NO,,"Resolució de 22 de febrer de 2016, de la vicerectora d’Estudis de Grau i Política Lingüística, per la qual convoca la concessió d’ajudes per a fer activitats que contribuïsquen a dinamitzar l'ús del valencià dins la Univ de València durant l’any 2016",
OTROS,303826,AGENCIA ESPAÑOLA DE PROTECCIÓN DE DATOS,14/04/2016,NO,,Becas de postgrado para la especialización en el impacto de las Tecnologías de la Información y las Comunicacione en el derecho a la protección de datos personales,
OTROS,304593,UNIVERSITAT DE VALÈNCIA (ESTUDI GENERAL),25/04/2016,NO,,"Convocatoria de becas del master  oficial en Economías Social (Cooperativas y Entidades no Lucrativas) de la UV, curso académico 15/16",
OTROS,304679,UNIVERSITAT DE VALÈNCIA (ESTUDI GENERAL),26/04/2016,NO,,"RESOLUCION 11 ABRIL 2016  BOLSAS DE VIAJE PARA ESTUDIANTES QUE CURSAN ESTUDIOS OFICIALES EN CENTROS PROPIOS DE ESTA UNIVERSIDAD, PARA EL AÑO 2016",
OTROS,305228,UNIVERSITAT DE VALÈNCIA (ESTUDI GENERAL),03/05/2016,NO,,BECAS IBEROAMERICA. ESTUDIANTES DE GRADO. SANTANDER UNIVERSIDADES A LA MOVILIDAD IBEROAMERICANA PARA ESTUDIANTES DE GRADO DE LA UNIVERSITAT DE VALÈNCIA EN UNIVERSIDADES IBEROAMERICANAS,
OTROS,305339,UNIVERSITAT DE VALÈNCIA (ESTUDI GENERAL),04/05/2016,NO,,Bolsas para actividades externas de formación y dinamización del Voluntariado Lingüístico de la Universitat de València durant l’any 2016,
OTROS,305368,UNIVERSITAT DE VALÈNCIA (ESTUDI GENERAL),04/05/2016,NO,,Premios Xavier Gómez i Font a la calidad lingüística de los trabajos de fin de grado y de master en valenciano e inglés.,
OTROS,305522,UNIVERSITAT DE VALÈNCIA (ESTUDI GENERAL),05/05/2016,NO,,Convocatoria de ayudas al estudio para los/las estudiantes que cursen estudios oficiales en centros propios de la UV curs 2015-16,
OTROS,305840,UNIVERSIDAD DE LA LAGUNA,10/05/2016,NO,,"RESOLUCIÓN de 25 de abril de 2016, por la que se hace pública la convocatoria de Becas Banco Santander-ULL para alumnos de la Universidad de La Laguna para realizar estudios de grado en Iberoamérica durante el curso 2016/2017",
OTROS,306035,UNIVERSITAT DE VALÈNCIA (ESTUDI GENERAL),12/05/2016,NO,,CONVOCATORIA DE DRAC VERANO 2016 PARA ESTUDIANTES DE LA UNIVERSIDAD DE VALENCIA EN EL MARCO DEL PROGRAMA DE MOVILIDAD DRAC DE LA RED VIVES DE UNIVERSIDADES,
OTROS,306050,UNIVERSITAT DE VALÈNCIA (ESTUDI GENERAL),12/05/2016,NO,,"AYUDAS A PROYECTOS DE COOPERACION, EDUCACION AL DESARROLLO, SENSIBILIZACIÓN Y SOLIDARIDAD PARA ASOCIACIONES Y COLECTIVOS DE ESTUDIANTES DE LA UNIVERSIDAD DE VALENCIA. AÑO 2016",
OTROS,306085,UNIVERSITAT DE VALÈNCIA (ESTUDI GENERAL),12/05/2016,NO,,"RESOLUCIÓN DE 25 DE ABRIL DE 2016, DE LA VICERRECTORA DE ESTUDIOS DE GRADO Y POLÍTICA LINGÜÍSTICA, PARA INCENTIVAR LA CALIDAD LINGÜÍSTICA EN LA ELABORACIÓN DE MATERIALES DOCENTES, TESIS DOCTORALES  Y ARTÍCULOS DE INVESTIGACIÓN CIENTÍFICA EN VALENCIANO",
OTROS,306259,UNIVERSITAT DE VALÈNCIA (ESTUDI GENERAL),16/05/2016,NO,,CONVOCATORIA DE AYUDAS PARA LA INSCRIPCION DE ESTUDIANTES EN LA EDICION 2016 DEL PROGRAMA TWO WEEKS,
OTROS,306433,UNIVERSIDAD DE LA LAGUNA,17/05/2016,NO,,Resolución de 16 de mayo de 2016 por la que se convoca una beca de formación en el Negociado de Programas Extraeuropeos del Vicerrectorado de Internacionalización de La Universidad de La Laguna.,
OTROS,306472,UNIVERSITAT DE VALÈNCIA (ESTUDI GENERAL),18/05/2016,NO,,Becas para estudiantes procedentes de los países prioritarios de cooperación y que tienen por objeto la formación en programas de másters oficiales de la Universitat de València,
OTROS,306603,UNIVERSITAT DE VALÈNCIA (ESTUDI GENERAL),19/05/2016,NO,,"Corrección de errores en la modificación de presentación de solicitudes de la convocatoria de ayudas a proyectos de cooperación, ...",
OTROS,306692,UNIVERSIDAD DE LA LAGUNA,19/05/2016,NO,,"RESOLUCIÓN de 5 de mayo de 2016, por la que se hace pública la convocatoria de Becas Banco Santander-ULL para jóvenes profesores e investigadores y alumnos de doctorado de la Universidad de La Laguna, para realizar estancias en un centro de investigación",
OTROS,307902,UNIVERSITAT DE VALÈNCIA (ESTUDI GENERAL),01/06/2016,NO,,"Programa de movilidad Erasmus Prácticas de la Universitat de València, curso 2016/17",
OTROS,307904,UNIVERSITAT DE VALÈNCIA (ESTUDI GENERAL),01/06/2016,NO,,Ayudas Drac Formación avanzada 2016 para estudiantes de la Universitat de València,
OTROS,307913,UNIVERSITAT DE VALÈNCIA (ESTUDI GENERAL),01/06/2016,NO,,Convocatoria de la XXI edición de los Premios del Consell Social de la Universitat de València.,
OTROS,308340,UNIVERSITAT DE VALÈNCIA (ESTUDI GENERAL),06/06/2016,NO,,Convocatoria de la ayuda a la selección de estudiantes para la participación en la 23rd International Mathematical Competition 2016 (IMC 2016),
OTROS,308506,AGENCIA ESPAÑOLA DE PROTECCIÓN DE DATOS,07/06/2016,NO,,PREMIO A LAS BUENAS PRÁCTICAS EDUCATIVAS EN PRIVACIDAD Y PROTECCIÓN DE DATOS PERSONALES PARA UN USO SEGURO DE INTERNET,
OTROS,308507,AGENCIA ESPAÑOLA DE PROTECCIÓN DE DATOS,07/06/2016,NO,,PREMIO COMUNICACIÓN DE PROTECCIÓN DE DATOS PERSONALES,
OTROS,308509,AGENCIA ESPAÑOLA DE PROTECCIÓN DE DATOS,07/06/2016,NO,,PREMIO PROTECCIÓN DE DATOS PERSONALES DE INVESTIGACIÓN,
OTROS,308794,UNIVERSITAT DE VALÈNCIA (ESTUDI GENERAL),10/06/2016,NO,,"Bolsas de viaje para estudiantes en Máster en Cooperación al desarrollo de la Universitat de València, ejercicio 2016 (Realización Practicum Internacional)",
OTROS,308850,UNIVERSIDAD DE LA LAGUNA,10/06/2016,NO,,CONVOCATORIA DE QUINCE BECAS PHILLIPS MORRIS SPAIN PARA ALUMNOS DE LA UNIVERSIDAD DE LA LAGUNA. CURSO 2015-2016,
OTROS,308954,UNIVERSIDAD DE LA LAGUNA,13/06/2016,NO,,"RESOLUCION DEL VICERRECTOR DE INVESTIGACIÓN POR LA QUE SE MODIFICA LA RESOLUCIÓN DE 10 DE JUNIO DE 2016, POR LA QUE SE CONVOCAN BECAS DE COLABORACIÓN DE ESTUDIANTES DE POSGRADO (MASTER Y DOCTORADO) VINCULADAS A LA DIFUSIÓN DE LA ACTIVIDAD INVESTIGADORA",
OTROS,308967,UNIVERSITAT DE VALÈNCIA (ESTUDI GENERAL),13/06/2016,NO,,"Becas de Residencia para la Universitat de València, curso 2016/17",
OTROS,309083,UNIVERSIDAD DE LA LAGUNA,14/06/2016,NO,,RESOLUCIÓN del Vicerrectorado de Investigación por la que se convoca una Beca de formación en apoyo TIC a los soportes técnicos del Servicio de Gestión de la Investigación de la Universidad de La Laguna,
OTROS,309144,UNIVERSITAT DE VALÈNCIA (ESTUDI GENERAL),14/06/2016,NO,,XXII Premio Europeo de Divulgación Científica Estudi General,
OTROS,309357,CENTRE D'ESTUDIS PORCINS,16/06/2016,NO,,"Convocatoria para otorgar dos ayudas de investigación en el Centre d’Estudis Porcins, con sede en Torrelameu, año 2016.",
OTROS,309479,UNIVERSITAT DE VALÈNCIA (ESTUDI GENERAL),17/06/2016,NO,,Convocatoria de la XIII Edición del Premio de Poesía César Simon,
OTROS,309745,UNIVERSIDAD DE LA LAGUNA,21/06/2016,NO,,CONVOCATORIA DE BECA PARA EL PROYECTO IAAS (INFRAESTRUCTURA COMO SERVICIO) DEL SERVICIO TIC DE LA UNIVERSIDAD DE LA LAGUNA CURSO 20152016,
OTROS,309748,UNIVERSIDAD DE LA LAGUNA,21/06/2016,NO,,CONVOCATORIA DE BECA PARA EL PROYECTO IAAS (INFRAESTRUCTURA COMO SERVICIO) DEL SERVICIO TIC DE LA UNIVERSIDAD DE LA LAGUNA CURSO 20152016,
OTROS,310201,UNIVERSIDAD DE LA LAGUNA,24/06/2016,NO,,CONVOCATORIA DE AYUDAS PARA ESTANCIAS DE ESTUDIANTES DE POSGRADO E INVESTIGADORES Y/O DOCENTES DE PAÍSES EXTRACOMUNITARIOS INVITADOS DURANTE EL AÑO 2016,
OTROS,310278,UNIVERSITAT DE VALÈNCIA (ESTUDI GENERAL),24/06/2016,NO,,Becas para estudiantes procedentes de campamentos de refugiados saharauis para la formación en programas de Máster Oficial de la Universitat de València,
OTROS,310562,UNIVERSITAT DE VALÈNCIA (ESTUDI GENERAL),28/06/2016,NO,,Becas de cursos de alemán para estudiantes de la Universitat de València,
OTROS,310818,CONSEJO GENERAL DEL PODER JUDICIAL,30/06/2016,NO,,"Acuerdo de 9 de junio de 2016 de la Comisión Permanente del Consejo General del Poder Judicial, por el que se convocan subvenciones a las Asociaciones Judiciales Profesionals para 2016",
OTROS,311228,CONSORCI DE LA COSTA BRAVA,04/07/2016,NO,,CONVOCATORIA DE LAS BASES ESPECÍFICAS REGULADORAS DE LAS SUBVENCIONES PARA AYUNTAMIENTOS MIEMBROS DEL CONSORCIO DE LA COSTA BRAVA PARA INVERSIONES/ACTUACIONES COMPLEMENTARIAS DEL CICLO DEL AGUA.,
OTROS,311231,CONSORCI DE LA COSTA BRAVA,04/07/2016,NO,,CONVOCATORIA DE LAS BASES ESPECÍFICAS REGULADORAS DE LAS SUBVENCIONES PARA INVERSIONES FINANCIERAMENTE SOSTENIBLES.,
OTROS,311611,UNIVERSITAT DE VALÈNCIA (ESTUDI GENERAL),08/07/2016,NO,,"Ayudas a los deportistas de alto nivel, alto rendimiento y de élite de la Universitat de València para el curso 2016-2017.",
OTROS,311749,UNIVERSITAT POLITÈCNICA DE VALÈNCIA,11/07/2016,NO,,"Resolución de fecha 8 de julio de 2016, del Rector de la Universidad Politécnica de Valencia, por la que se convoca la III Edición de los Premios “Concurso 5U-CV STARTUP” en la UPV para el año 2016.",
OTROS,311874,UNIVERSITAT POLITÈCNICA DE VALÈNCIA,12/07/2016,NO,,RESOLUCIÓN DE LA UNIVERSITAT POLITÈCNICA DE VALÈNCIA DE 8 DE JULIO DE 2016 POR LA QUE SE CONVOCAN  AYUDAS DE COMEDOR,
OTROS,312155,UNIVERSIDAD DE LA LAGUNA,14/07/2016,NO,,RESOLUCIÓN DE 25 DE JUNIO DE 2016 POR LA QUE SE APRUEBAN LAS BASES QUE REGIRÁN LA CONVOCATORIA DE BOLSAS DE VIAJE PARA MOVILIDADES VINCULADAS A CONVENIOS DE COOPERACIÓN SUSCRITOS CON UNIVERSIDADES E INSTITUCIONES EDUCATIVAS DEL ÁMB EXTRACOMUNITARIO 2016,
OTROS,312165,UNIVERSIDAD DE LA LAGUNA,14/07/2016,NO,,"RESOLUCIÓN DEL VICERRECTORADO DE ESTUDIANTES DE LA UNIVERSIDAD DE LA LAGUNA POR LA QUE SE CONVOCAN BECAS PARA ALUMNADO CON MATRICULA EN EL MÁSTER EN ASTROFÍSICA DE LA ULL, PARA EL CURSO ACADÉMICO 2016-2017.",
OTROS,312174,UNIVERSIDAD DE LA LAGUNA,14/07/2016,NO,,RESOLUCIÓN DE 14 DE JULIO DE 2016 POR LA QUE SE CONVOCAN BECAS DE BECAS DE COLABORACIÓN EN AULAS DE INFORMÁTICA DE LA UNIVERSIDAD DE LA LAGUNA CURSO 2016-2017,
OTROS,312584,UNIVERSITAT POLITÈCNICA DE VALÈNCIA,19/07/2016,NO,,"Resolución de 18 de julio de 2016 del rector de la Universitat Politècnica de València, por la que se convoca la X Edición de los “Premios IDEAS UPV” para el año 2016.",
OTROS,312769,UNIVERSITAT DE VALÈNCIA (ESTUDI GENERAL),21/07/2016,NO,,Premio Mavi Dolç i Gastaldo a los trabajos audiovisuales sobre igualdad lingüística y plurilingüismo,
OTROS,313210,UNIVERSITAT DE VALÈNCIA (ESTUDI GENERAL),26/07/2016,NO,,"Becas Santander doble titulación internacional, curso 2016/17",
OTROS,313283,UNIVERSIDAD DE ALCALÁ,27/07/2016,NO,,"Resolución del Vicerrectorado de Docencia y Estudiantes de 26 de julio de 2016, por la que se convocan ayudas al estudio para situaciones sobrevenidadas y situaciones socioeconómicas desfavorables. Curso 2015-2016",
OTROS,313508,UNIVERSITAT DE VALÈNCIA (ESTUDI GENERAL),28/07/2016,NO,,Becas Luisa Cardona 2016-2017 de exención de tasas de estudios oficiales de máster de la Universitat de Valencia para estudiantes procedentes de países en desarrollo.,
OTROS,313694,UNIVERSITAT POLITÈCNICA DE VALÈNCIA,29/07/2016,NO,,"Resolución del 29 de julio de 2016, del Rector de la Universidad Politécnica de Valencia, por la que se convoca la II Edición del programa “University Junior International Entrepreneurs” en la UPV para el año 2016.",
OTROS,313700,UNIVERSITAT POLITÈCNICA DE VALÈNCIA,29/07/2016,NO,,"Resolución de 28 de julio de 2016, del Rector de la Universitat Politècnica de València por la que se convocan las ayudas del programa propio Euromovex para financiar estancias dentro de un acuerdo de doble titulación durante el curso académico 2016/2017",
OTROS,313724,UNIVERSITAT POLITÈCNICA DE VALÈNCIA,01/08/2016,NO,,"Resolución de 29 de julio de 2016, del Rector de la Universitat Politècnica de Valencia, por la que se convocan los premios “Cátedra Torrecid” a los dos mejores trabajos de fin de máster del Máster Universitario en Ingeniería Química y del Máster Universi",
OTROS,313735,UNIVERSITAT POLITÈCNICA DE VALÈNCIA,01/08/2016,NO,,"Resolución de 29 de julio de 2016, del Rector de la Universitat Politècnica de Valencia, por la que se convocan los premios “Cátedra Torrecid” a los cuatro mejores trabajos de fin de grado presentados en la Universitat Politècnica de València en el curso",
OTROS,314282,UNIVERSIDAD DE LA LAGUNA,04/08/2016,NO,,"AYUDAS DE MOVILIDAD PARA EL MÁSTER INTERUNIVERSITARIO EN MODELIZACIÓN E INVESTIGACIÓN MATEMÁTICA, ESTADÍSTICA Y COMPUTACIÓN DE LA UNIVERSIDAD DELA LAGUNA 2016-2017",
OTROS,314294,UNIVERSIDAD DE LA LAGUNA,04/08/2016,NO,,"RESOLUCIÓN DEL VICERRECTORADO DE ESTUDIANTES POR LA QUE SE APRUEBA CONVOCATORIA DE BECAS DESTINADAS A COMPENSAR GASTOS DE TRANSPORTE Y DESPLAZAMIENTO DEL ALUMNADO DE LA UNIVERSIDAD DE LA LAGUNA PARA EL CURSO ACADÉMICO 2016-17, NO CUBIERTOS POR OTRAS BECAS",
OTROS,316298,UNIVERSIDAD DE LA LAGUNA,02/09/2016,NO,,RESOLUCIÓN DE 4 DE AGOSTO DE 2016 POR LA QUE SE CONVOCAN 40 BECAS DE INTERNACIONALIZACIÓN E INMERSIÓN LINGÜÍSTICA EN INGLÉS PARA AL,
OTROS,316309,UNIVERSIDAD DE LA LAGUNA,02/09/2016,NO,,RESOLUCIÓN DE 4 DE AGOSTO POR LA QUE SE CONVOCAN CUARENTA BECAS DE INTERNACIONALIZACIÓN IDIOMÁTICA E INMERSIÓN LIGÜÍSTICA EN INGLES PARA EL ALUMNADO DE G EN MAESTRO EN EDUCACIÓN INFANTIL MENCIÓN DE INGLÉS Y G EN MAESTRO EN EDUCACIÓN PRIMARIA MENCIÓN INGLE,
OTROS,316439,UNIVERSITAT DE VALÈNCIA (ESTUDI GENERAL),06/09/2016,NO,,"Ayudas para la iniciación a la investigación en astronomía y astrofísica para estudiantes del último curso del grado de Física y una ayuda para estudiantes del Máster de Física Avanzada, itinerario de astrofísica, propios de esta universidad.",
OTROS,316868,UNIVERSIDAD DE LA LAGUNA,09/09/2016,NO,,RESOLUCION DEL VICERRECTOR DE INVESTIGACIÓN POR LA QUE SE CONVOCA UNA BECA PARA LA PUESTA EN VALOR Y DIFUSIÓN DE LA I+D+I DE LA UNIVERSIDAD DE LA LAGUNA,
OTROS,316980,UNIVERSIDAD DE LA LAGUNA,12/09/2016,NO,,Resolución de 7 de septiembre de 2016 del Vicerrectorado de Relaciones con la Sociedad por la que se convoca el I Premio de Relato Breve Amadou Ndoye para el alumnado de universidades africanas.,
OTROS,316993,UNIVERSITAT DE VALÈNCIA (ESTUDI GENERAL),12/09/2016,NO,,4ª Edición de los premios  a lo mejores planes de viabilidad empresarial que puedan cristalizar en futuros negocios 2016-2017,
OTROS,317002,UNIVERSITAT POLITÈCNICA DE VALÈNCIA,12/09/2016,NO,,"Resolución de 6 de septiembre de 2016 del Rector de la Universidad Politécnica de Valencia, por la que se convocan dos becas de ayudas a matrícula del Máster Universitario en gestión de la información MUGI, por la Cátedra Transparencia y Participación par",
OTROS,317232,UNIVERSITAT POLITÈCNICA DE VALÈNCIA,15/09/2016,NO,,"Resolución de 12 de septiembre de 2016 del Rector de la Universidad Politécnica de Valencia, por la que se convocan ocho becas de ayudas a matrícula del Máster Universitario en Ingeniería de Caminos, Canales y Puertos, por la Cátedra Juan Arizo para el cu",
OTROS,317238,UNIVERSITAT POLITÈCNICA DE VALÈNCIA,15/09/2016,NO,,"Resolución de 12 de septiembre, del Rector de la Universidad Politécnica de Valencia, por la que se convocan los Premios “Cátedra Transparencia y Participación” a trabajos fin de master del curso académico 2015-2016 en le Universitat Politécnica de Valènc",
OTROS,317403,UNIVERSITAT DE VALÈNCIA (ESTUDI GENERAL),16/09/2016,NO,,Convocatoria Ayudas Cátedra Fisabio-Universitat de València para el curso 2016-2017.,
OTROS,317461,UNIVERSITAT DE VALÈNCIA (ESTUDI GENERAL),19/09/2016,NO,,"Premio RAGALO (Rafaela García López, 1958-2015) al impulso del Aprendizaje Servicio (ApS). Universitat de València.",
OTROS,317957,UNIVERSITAT POLITÈCNICA DE VALÈNCIA,22/09/2016,NO,,"Resolución de fecha 20 de septiembre de 2016, del Centro de Cooperación al Desarrollo de la Universitat Politècnica de València, por la que se convoca el Programa de Cooperación Técnica al Desarrollo MERIDIES - PAS 2016.",
OTROS,318047,UNIVERSITAT DE VALÈNCIA (ESTUDI GENERAL),23/09/2016,NO,,Programa de Movilidad Erasmus Máster de la Universitat de València para el segundo semestre del Curso Académico 2016/17.,
OTROS,318303,UNIVERSITAT POLITÈCNICA DE VALÈNCIA,27/09/2016,NO,,"Resolución de 19 de septiembre de 2016 del Rector de la Universitat Politècnica de València, por la que se convocan cinco ayudas de bolsa de viaje para alumnos matriculados en la Escuela Técnica Superior de Ingenieros Industriales, que realicen una estanc",
OTROS,318552,UNIVERSITAT DE VALÈNCIA (ESTUDI GENERAL),29/09/2016,NO,,Convocatoria de las Becas Jóvenes Investigadores 2017 destinada a jóvenes investigadores procedentes de países en vías de desarrollo.,
OTROS,318553,UNIVERSIDAD DE LA LAGUNA,29/09/2016,NO,,"CONVOCATORIA DE PREMIO DE ESTUDIOS JURÍDICOS “FRANCISCO TOMÁS Y VALIENTE""",
OTROS,318556,UNIVERSIDAD DE LA LAGUNA,29/09/2016,NO,,CONVOCATORIA DE PREMIO DE ESTUDIOS DE RELACIONES LABORALES “CONCEPCIÓN ARENAL”,
OTROS,318559,UNIVERSIDAD DE LA LAGUNA,29/09/2016,NO,,CONVOCATORIA PREMIO DE ESTUDIOS JURÍDICOS “DON FELIPE GONZÁLEZ VICÉN”,
OTROS,318622,UNIVERSIDAD DE LA LAGUNA,30/09/2016,NO,,"RESOLUCIÓN de 29 de septiembre de 2016, por la que se efectúa convocatoria para la selección de doscientas cincuenta Becas Universitas Prolingua para el alumnado del Servicio de Idiomas de la Universidad de La Laguna en el primer cuatrimestre del curso 20",
OTROS,318872,UNIVERSIDAD DE LA LAGUNA,03/10/2016,NO,,CONVOCATORIA DE BECA DE COLABORACIÓN EN LABORATORIOS AUDIOVISUALES DE LA SECCIÓN DE CIENCIAS DE LA INFORMACIÓN DE LA UNIVERSIDAD DE LA LAGUNA CURSO 2016-2017,
OTROS,318952,UNIVERSITAT DE VALÈNCIA (ESTUDI GENERAL),04/10/2016,NO,,"Premio RAGALO (Rafaela García López, 1958-2015) al impulso del Aprendizaje Servicio (ApS). Universitat de València.",
OTROS,319032,UNIVERSITAT POLITÈCNICA DE VALÈNCIA,04/10/2016,NO,,"esolución de 26 de septiembre, del Rector de la Universitat Politècnica de València, por la que se convoca el Premio IIAMA al mejor Trabajo Académico en Ingeniería del Agua"".""",
OTROS,319237,UNIVERSITAT POLITÈCNICA DE VALÈNCIA,06/10/2016,NO,,RESOLUCIÓN DE FECHA 5 DE OCTUBRE DEL 2016 DEL RECTOR DE LA UNIVERSITAT POLITÈCNICA DE VALÈNCIA POR LA CUAL SE CONVOCAN AYUDAS PARA ACTIVIDADES DE FORMACIÓN DE IDIOMAS EXTRANJEROS DEL CENTRO DE LENGUAS (CDL) PARA EL PERSONAL DE ADMINISTRACIÓN Y SERVICIOS Y,
OTROS,319476,UNIVERSITAT DE VALÈNCIA (ESTUDI GENERAL),10/10/2016,NO,,"Convocatoria de ayudas para cursos de Postgrado Propios de la Universitat de València, curso académico 15/16",
OTROS,319537,UNIVERSITAT DE VALÈNCIA (ESTUDI GENERAL),10/10/2016,NO,,"Programa de promoción de ecosistemas innovadores ""VLC/STARTUP 2016"" para la selección de iniciativas empresariales con base científico - tecnológica que se generen en el entorno VLC/CAMPUS.",
OTROS,320785,UNIVERSITAT DE VALÈNCIA (ESTUDI GENERAL),25/10/2016,NO,,"Ayudas económicas para matrícula de los estudiantes y las estudiantes que cursan un itinerario en el programa La Nau Gran de la Universitat de València, curso 2016-2017",
OTROS,320913,UNIVERSIDAD DE LA LAGUNA,26/10/2016,NO,,Resolución de 26 de octubre de 2016 del Vicerrectorado de Relaciones con la Sociedad por la que se convoca el I Premio a la Solidaridad y Voluntariado de la Universidad de La Laguna,
OTROS,320995,UNIVERSITAT POLITÈCNICA DE VALÈNCIA,27/10/2016,NO,,"Resolución de 25/10/2016, del Rector de la Universitat Politècnica de València, por la que se convocan becas para la realización de prácticas externas internacionales en el marco del Máster en Cooperación para el Desarrollo de la UPV.",
OTROS,321250,UNIVERSIDAD DE ALCALÁ,31/10/2016,NO,,"Extracto del Acuerdo de Consejo de Gobierno de la Universidad de Alcalá,de 31 de octubre de 2016, por le que se convocan las Ayudas 2017 de Movilidad de personal docente y personal Investigador",
OTROS,321253,UNIVERSIDAD DE ALCALÁ,31/10/2016,NO,,"Extracto del Acuerdo de Consejo de Gobierno, de 31 de octubre de 2016, por el que se convocan las Ayudas 2017 de Movilidad de personal Investigador en formación",
OTROS,321254,UNIVERSIDAD DE ALCALÁ,31/10/2016,NO,,"Extracto del Acuerdo de Consejo de Gobierno de la Universidad de Alcalá,de 31 de octubre de 2016, por el que se convocan las Ayudas 2017 para estancias de científicos y tecnólogos extranjeros en la Universidad de Alcalá",
OTROS,321257,UNIVERSIDAD DE ALCALÁ,31/10/2016,NO,,"Extracto del Acuerdo de Consejo de Gobierno de la Universidad de Alcalá,de 31 de octubre de 2016, por el que se convocan las Ayudas 2017 para bolsas de Viaje (I)",
OTROS,321374,UNIVERSITAT DE VALÈNCIA (ESTUDI GENERAL),02/11/2016,NO, de la Facultad de Derecho de la Universitat de València,"VII Concurso de debates las reglas del juego""",
OTROS,321544,UNIVERSIDAD DE LA LAGUNA,03/11/2016,NO,,"RESOLUCIÓN de 3 de noviembre de 2016, por la que se hace pública la convocatoria de Ayudas de Estudio Santander-ULL para alumnos de la Universidad de La Laguna para realizar estudios de master oficial durante el curso 2016/2017",
OTROS,321564,UNIVERSITAT POLITÈCNICA DE VALÈNCIA,03/11/2016,NO,,Resolución del Rector de 28 de octubre de 2016 por la que se aprueba la convocatoria del programa de ayudas a actividades de movilidad Erasmus + con países asociados para los cursos 2016-17 y 2017-18,
OTROS,321566,UNIVERSITAT POLITÈCNICA DE VALÈNCIA,03/11/2016,NO,,"Resolución del 31/10/2016, del Rector de la Universitat Politècnica de València, por la que se convocan las “Becas – Prácticas Fundación ONCE- CRUE - UPV” para la realización de prácticas remuneradas en empresas de estudiantes con discapacidad.",
OTROS,321575,UNIVERSITAT DE VALÈNCIA (ESTUDI GENERAL),04/11/2016,NO,,Programa Internacional de Movilidad de la  Universitat de València para el curso académico 2017/2018.,
OTROS,321625,UNIVERSITAT DE VALÈNCIA (ESTUDI GENERAL),04/11/2016,NO,,"Programa de movilidad de estudiantes para estudios ""Erasmus Estudios"" de la Universitat de València para el curso académico 2017/18",
OTROS,321916,UNIVERSITAT POLITÈCNICA DE VALÈNCIA,08/11/2016,NO,,"Resolución de 31 de Octubre, del Rector, por la que se convocan las becas Promoe para el curso 2017/2018 para la realización de estancias de estudio durante el curso académico 2017/2018 a disfrutar entre el 1 de Julio de 2017 y el 30 de Septiembre de 2018",
OTROS,321920,UNIVERSIDAD DE LA LAGUNA,08/11/2016,NO,,Resolución de 4 de noviembre de 2016 por la que se convoca una beca de formación en el Negociado de Programas Comunitarios del Vicerrectorado de Internacionalización de la Universidad de La Laguna.,
OTROS,321950,UNIVERSIDAD DE LA LAGUNA,08/11/2016,NO,,RESOLUCIÓN DEL VICERRECTORADO DE ESTUDIANTES POR LA QUE SE CONVOCA UNA BECA DE COLABORACIÓN PARA EL PROGRAMA DE ATENCIÓN A ESTUDIANTES CON NECESIDADES ESPECÍFICAS DE APOYO EDUCATIVO (PAED) PARA 2017.,
OTROS,322323,UNIVERSIDAD DE SALAMANCA,14/11/2016,NO,,BECAS DE COLABORACIÓN EN SERVICIOS UNIVERSITARIOS,
OTROS,322402,UNIVERSIDAD DE LA LAGUNA,14/11/2016,NO,,Convocatoria de dos becas de colaboración para proyectos de promoción del Software Libre,
OTROS,323166,UNIVERSITAT DE VALÈNCIA (ESTUDI GENERAL),21/11/2016,NO,,III Premi A. Olga Quiñones Fernández,
OTROS,323283,CONSEJO DE SEGURIDAD NUCLEAR,22/11/2016,NO,,CONVENIO SUBVENCIÓN CSN CÁTEDRAS 2015,
OTROS,323284,CONSEJO DE SEGURIDAD NUCLEAR,22/11/2016,NO,,CONVENIO SUBVENCIÓN CSN CÁTEDRAS 2015,
OTROS,323285,CONSEJO DE SEGURIDAD NUCLEAR,22/11/2016,NO,,CONVENIO SUBVENCIÓN CSN CÁTEDRAS 2015,
OTROS,323286,CONSEJO DE SEGURIDAD NUCLEAR,22/11/2016,NO,,CONVENIO SUBVENCIÓN CSN CÁTEDRAS 2015,
OTROS,323335,CONSORCI D'OSONA DE SERVEIS SOCIALS,22/11/2016,NO,,Subvenciones para ayudas ecónomicas destinadas a actividades deportivas que desarrollen niños/as y/o adolescentes en situación de riesgo social 2016,
OTROS,324292,UNIVERSITAT DE VALÈNCIA (ESTUDI GENERAL),29/11/2016,NO,,Premios de investigación Tomas y Valiente a los mejores trabajos de investigación jurídica 2016,
OTROS,324420,UNIVERSITAT DE VALÈNCIA (ESTUDI GENERAL),30/11/2016,NO,,Ayudas a alumnado de la Universitat de València con discapacidad y/o con necesidades especiales derivadas de una discapacidad por la práctica en actividades físico deportivas recreativas en el segundo cuatrimestre 2015/16.,
OTROS,324474,UNIVERSITAT POLITÈCNICA DE VALÈNCIA,30/11/2016,NO,,Resolución de 24 de noviembre de 2016 del Rector de la Universitat Politècnica de Valencia por la que se convoca la XVI Edición de los Premios del Consejo Social de la Universitat Politècnica de Valéncia.,
OTROS,324484,UNIVERSITAT DE VALÈNCIA (ESTUDI GENERAL),30/11/2016,NO,,Ayudas a alumnado de la Universitat de València con discapacidad y/o con necesidades especiales derivadas de una discapacidad por la práctica de actividades físico deportivas recreativas en el primer cuatrimestre de 2016/17.,
OTROS,324497,UNIVERSITAT DE VALÈNCIA (ESTUDI GENERAL),30/11/2016,NO,,Ayudas a alumnado de la Universitat de València con discapacidad y/o con necesidades especiales derivadas de una discapacidad por la práctica de actividades deportivas de competición durante el segundo cuatrimestre del curso 2015-2016.,
OTROS,324520,UNIVERSITAT DE VALÈNCIA (ESTUDI GENERAL),30/11/2016,NO,,Ayudas a alumnado de la Universitat de València con discapacidad y/o con necesidades especiales derivadas de una discapacidad por la práctica de actividades deportivas de competición durante el primer cuatrimestre del curso 2016-2017.,
OTROS,325415,UNIVERSITAT POLITÈCNICA DE VALÈNCIA,12/12/2016,NO,,"Resolución de 1 de diciembre de 2016 del Rector de la Universitat Politécnica de València por la que se convocan los premios ""Fundación Trinidad Alfonso para Deportistas Universitarios de la Universitat Politécnica de Valencia",
OTROS,325416,UNIVERSITAT POLITÈCNICA DE VALÈNCIA,12/12/2016,NO,,"Resolución de 1 de diciembre de 2016, del Rector de la Universitat Politècnica de València, por la que se convoca el VII Premio Proyecto Fin de Carrera y Premio Trabajo Fin de Máster en el marco del Aula del Colegio Oficial de Ingenieros Industriales de l",
OTROS,325831,UNIVERSIDAD DE LA LAGUNA,15/12/2016,NO,,CONVOCATORIA DE UNA BECA DE COLABORACIÓN PARA PROYECTOS DE CONTENIDOS DIGITALES Y AUDIOVISUALES EN ABIERTO,
OTROS,326419,UNIVERSIDAD DE CÁDIZ,20/12/2016,NO,,Convocatoria General de Becas y Ayudas al Estudio de la Universidad de Cádiz. Curso 2016-2017.,
OTROS,326851,UNIVERSITAT DE VALÈNCIA (ESTUDI GENERAL),22/12/2016,NO,,Campus de verano internacional “Entrepreneurship and Innovation in Europe: A Berkeley Startup Bootcamp” en el marco de la iniciativa “California – Spain Campus” de  la Universitat de València,
OTROS,326966,UNIVERSITAT DE VALÈNCIA (ESTUDI GENERAL),23/12/2016,NO," las Organizaciones y los Recursos Humanos""","Convocatoria becas VLC CAMPUS DE EXCELENCIA DE MOVILIDAD INTERNACIONAL"" curso 2016/17 en el máster universitario Erasmus Mundus en Psicologia del Trabajo",
